Workbook

Sheet RTM
A1: Requirement Traceability Matrix (RTM)
A2: X = test case covers the requirement
A3: Prepared by:- Anushka Sakare
A4: Req ID | B4: Requirement | C4: TC_01 | D4: TC_02 | E4: TC_03 | F4: TC_04 | G4: TC_05 | H4: TC_06 | I4: TC_07 | J4: TC_08 | K4: TC_09 | L4: TC_10 | M4: Total TCs | N4: Linked Defects
A5: REQ_01 | B5: User Registration | C5: X | M5: =COUNTIF(C5:L5,"X") -> 1 | N5: BUG-003
A6: REQ_02 | B6: Login and Logout | C6: X | M6: =COUNTIF(C6:L6,"X") -> 1 | N6: -
A7: REQ_03 | B7: Product Search and Product Details | D7: X | M7: =COUNTIF(C7:L7,"X") -> 1 | N7: BUG-005
A8: REQ_04 | B8: Wishlist Management | D8: X | K8: X | M8: =COUNTIF(C8:L8,"X") -> 2 | N8: -
A9: REQ_05 | B9: Product Comparison | E9: X | M9: =COUNTIF(C9:L9,"X") -> 1 | N9: -
A10: REQ_06 | B10: Shopping Cart | F10: X | G10: X | K10: X | L10: X | M10: =COUNTIF(C10:L10,"X") -> 4 | N10: BUG-004
A11: REQ_07 | B11: Checkout Process | G11: X | I11: X | J11: X | K11: X | M11: =COUNTIF(C11:L11,"X") -> 4 | N11: BUG-001, BUG-002
A12: REQ_08 | B12: Customer Information Management | H12: X | M12: =COUNTIF(C12:L12,"X") -> 1 | N12: -
A13: REQ_09 | B13: Address Management | I13: X | M13: =COUNTIF(C13:L13,"X") -> 1 | N13: BUG-001, BUG-002
A14: REQ_10 | B14: Order Confirmation and Order History | J14: X | M14: =COUNTIF(C14:L14,"X") -> 1 | N14: -
A15: REQ_11 | B15: Category Browsing | L15: X | M15: =COUNTIF(C15:L15,"X") -> 1 | N15: -
A16: Total | B16: Requirements per test case | C16: =COUNTIF(C5:C15,"X") -> 2 | D16: =COUNTIF(D5:D15,"X") -> 2 | E16: =COUNTIF(E5:E15,"X") -> 1 | F16: =COUNTIF(F5:F15,"X") -> 1 | G16: =COUNTIF(G5:G15,"X") -> 2 | H16: =COUNTIF(H5:H15,"X") -> 1 | I16: =COUNTIF(I5:I15,"X") -> 2 | J16: =COUNTIF(J5:J15,"X") -> 2 | ... L16: =COUNTIF(L5:L15,"X") -> 2 | M16: =SUM(M5:M15) -> 18

Sheet Test Case Status
A1: TC ID | B1: Test Scenario | C1: Requirements Covered | D1: Execution Status | E1: Defect ID | F1: Remarks
A2: TC_01 | B2: Verify new user registration, login, browsing and logout | C2: REQ_01, REQ_02 | D2: Fail | E2: BUG-003 | F2: Defect logged in Bug Report
A3: TC_02 | B3: Verify login, product search, product details, add to wishlist and wishlist verification | C3: REQ_03, REQ_04 | D3: Fail | E3: BUG-005 | F3: Defect logged in Bug Report
A4: TC_03 | B4: Verify login, product comparison and comparison verification | C4: REQ_05 | D4: Pass | E4: -
A5: TC_04 | B5: Verify login, add product to cart, update quantity, remove product and cart verification | C5: REQ_06 | D5: Fail | E5: BUG-004 | F5: Defect logged in Bug Report
A6: TC_05 | B6: Verify login, adding multiple products, cart changes and checkout | C6: REQ_06, REQ_07 | D6: Pass | E6: -
A7: TC_06 | B7: Verify login, managing customer information, saving changes and verifying saved data | C7: REQ_08 | D7: Pass | E7: -
A8: TC_07 | B8: Verify login, adding address, selecting product, checkout and address verification | C8: REQ_07, REQ_09 | D8: Fail | E8: BUG-001, BUG-002 | F8: Defect logged in Bug Report
A9: TC_08 | B9: Verify login, product purchase, order confirmation and order history | C9: REQ_07, REQ_10 | D9: Pass | E9: -
A10: TC_09 | B10: Verify login, wishlist product moved to cart and checkout | C10: REQ_04, REQ_06, REQ_07 | D10: Pass | E10: -
A11: TC_10 | B11: Verify login, category browsing, product selection, add to cart, continue shopping and final cart verification | C11: REQ_06, REQ_11 | D11: Pass | E11: -

Sheet Summary
A1: RTM Summary
A3: Total requirements | B3: =COUNTA(RTM!A5:A15) -> 11
A4: Total test cases | B4: =COUNTA('Test Case Status'!A2:A50) -> 10
A5: Requirements with at least one test case | B5: =COUNTIF(RTM!M5:M15,">0") -> 11
A6: Requirement coverage (%) | B6: =B5/B3 -> 1
A7: Test cases passed | B7: =COUNTIF('Test Case Status'!D2:D50,"Pass") -> 6
A8: Test cases failed | B8: =COUNTIF('Test Case Status'!D2:D50,"Fail") -> 4
A9: Pass percentage | B9: =B7/B4 -> 0.6
